<?xml version="1.0" encoding="UTF-8"?>
<map>
   <appContext helpID="concept_dxy_ljx_4bb" path="c_welcome_to_movo_beta.html"/>
   <appContext helpID="concept_dmq_21n_gcb"
               path="c_movo_user_guide_revision_history.html"/>
   <appContext helpID="concept_jgg_cqh_qbb" path="c_whats_in_box.html"/>
   <appContext helpID="task_lqc_nqh_qbb" path="t_unboxing_movo.html"/>
   <appContext helpID="concept_cz2_jkd_fcb" path="c_main_breaker.html"/>
   <appContext helpID="task_npl_gth_qbb" path="t_charging_movo_battery.html"/>
   <appContext helpID="concept_ncf_m5h_qbb" path="c_support_help.html"/>
   <appContext helpID="concept_f2r_tlx_4bb" path="c_movo_safety.html"/>
   <appContext helpID="concept_ert_mqx_4bb" path="c_intended_use.html"/>
   <appContext helpID="concept_yxt_vqx_4bb"
               path="c_environmental_operating_conditions.html"/>
   <appContext helpID="concept_ktb_q5h_qbb" path="c_estop.html"/>
   <appContext helpID="concept_vkq_brx_4bb" path="c_avoiding_damage_equipment.html"/>
   <appContext helpID="concept_itc_2rx_4bb" path="c_avoiding_personal_injury.html"/>
   <appContext helpID="concept_dg2_nkm_sbb" path="c_movo_hardware_overview.html"/>
   <appContext helpID="concept_xhp_fw2_tbb" path="c_hmi_panel.html"/>
   <appContext helpID="untitled8" path="c_charging_port.html"/>
   <appContext helpID="untitled7" path="c_led_panel.html"/>
   <appContext helpID="concept_wgy_m44_ccb" path="c_teleop_control.html"/>
   <appContext helpID="task_olt_kc3_tbb" path="t_powering_up_movo.html"/>
   <appContext helpID="concept_mp3_xcf_bcb" path="c_movo_bootup_process.html"/>
   <appContext helpID="concept_apg_cjf_bcb" path="c_movo_upstart_process.html"/>
   <appContext helpID="task_m4q_nth_qbb" path="t_powering_down_movo.html"/>
   <appContext helpID="concept_xtf_tx1_ccb" path="c_movo_shutdown_process.html"/>
   <appContext helpID="concept_jfr_xhc_gcb" path="c_working_jaco_arms_movo.html"/>
   <appContext helpID="task_llq_1cc_gcb" path="t_disconnect_jaco_standard_base.html"/>
   <appContext helpID="task_pfy_zsh_qbb" path="t_kinova_arms_install.html"/>
   <appContext helpID="task_ow1_wth_qbb" path="t_kinova_arms_uninstall.html"/>
   <appContext helpID="task_hhz_pws_5bb" path="t_mount_jaco_externally_base.html"/>
   <appContext helpID="task_ojm_35h_qbb" path="t_packing_movo_transport.html"/>
</map>
